ID,Q1,A1,T1,Q2,A2,T2,Q3,A3,T3,Q4,A4,T4,Q5,A5,T5
1,誰在洪水後獻燔祭，神聞馨香之氣？,挪亞,創世記8:20,亞伯拉罕與亞比米勒立約的地方叫什麼？,別是巴,創世記21:31,「耶穌說：『你們要防備假先知。』」出自哪一卷福音書？,馬太福音,馬太福音7:15,二十四位長老在寶座前敬拜時所戴的頭飾叫什麼？,冠冕,啟示錄 4:4,上帝用幾日創造天地萬物，第七日便安息？,6,創世記 2:2
2,誰從加利利跟隨耶穌到耶路撒冷，見證祂受難？,馬利亞,馬太福音27:55-56,保羅在哥林多住了一年半，那城在何處？,哥林多,使徒行傳18:11,「耶穌說：『我賜給你們一條新命令，乃是叫你們彼此相愛。』」出自哪一卷福音書？,約翰福音,約翰福音13:34,但以理書中，腿是什麼金屬？,鐵,但以理書 2:33,以色列人繞耶利哥城多少日，每日一次，到第七日繞七次，城牆就倒塌？,6,約書亞記 6:3–4
3,誰對羅得說：「你往哪裏去，我也往那裏去」？,拿俄米,路得記1:16,所羅門在哪座城建造聖殿？,耶路撒冷,列王紀上6:1,「神是靈，所以拜祂的，必須用」什麼「拜祂」？,心靈誠實,約翰福音4:24,保羅在哥林多以織造維生，所製作的遮蔽物是什麼？,帳棚,使徒行傳 18:3,挪亞洪水時，雨降在地上共多少晝夜？,40,創世記 7:12
4,誰是基甸之子，殺兄弟自立為王？,亞比米勒,士師記9:5,耶穌在哪座山祝福門徒後升天？,橄欖山,路加福音24:50-51,「基督」的意思是什麼？,受膏者,使徒行傳2:36,囚犯的什麼也鬆開了？,鎖鍊,使徒行傳 16:26,摩西在西奈山上四十晝夜領受法版，一共上去幾次？,2,出埃及記 24:18; 34:28
5,誰在大馬士革為保羅施洗，使他恢復視力？,亞拿尼亞,使徒行傳9:17-18,約書亞與百姓立石為記的地方是哪？,吉甲,約書亞記4:20,「我就是門」，凡從我進來的，必然怎樣？,得救,約翰福音10:9,非利士巨人歌利亞身上穿戴的重型護具是什麼？,鎧甲,撒母耳記上 17:5,但以理的三個朋友被扔進火窯，王見有幾個人在火中行走？,4,但以理書 3:25
6,拉撒路的姐姐中，哪一位為耶穌預備飯食？,馬大,路加福音10:38-40,耶穌在哪座城教導“不義的管家”？,耶路撒冷,路加福音16:1,「祂名稱為奇妙、策士、全能的神、永在的父、和平的君。」出自哪一卷書？,以賽亞書,以賽亞書9:6,上帝在曠野賜下的食物，以色列人問「這是什麼？」，那食物叫什麼？,吗哪,出埃及記 16:15,耶穌用五餅二魚餵飽五千人後，剩下的零碎裝滿多少籃子？,12,馬太福音 14:20
7,誰在公會中建議不要殺害耶穌的門徒？,伽瑪列,使徒行傳5:34-39,約拿被神差派去哪座大城傳道？,尼尼微,約拿書3:2,「基督釋放了我們，叫我們得以自由。」出自哪一卷書？,加拉太書,加拉太書5:1,撒網比喻中，好的水產被收在什麼容器裡？,器皿,馬太福音 13:48,耶穌在加利利海邊向門徒顯現時，問彼得「你愛我嗎？」共幾次？,3,約翰福音 21:15–17
8,誰被揀選遞補猶大，成為十二使徒之一？,馬提亞,使徒行傳1:26,以利亞與巴力先知對決的山是哪一座？,迦密山,列王紀上18:19,「人子來，為要尋找、拯救失喪的人。」出自哪一卷福音書？,路加福音,路加福音19:10,摩西在何烈山打碎的物體叫什麼？,石版,出埃及記 32:19,保羅在大馬士革路上遇見主，三天不能看見，也不吃不喝，共多少日？,3,使徒行傳 9:9
9,誰是亞當和夏娃的兒子，在亞伯死後被神賜下作代替？,塞特,創世記4:25,以利亞在迦密山降火後，祈雨的地點是哪座山？,迦密山,列王紀上18:42,「保羅說：『我們曉得萬事都互相效力，叫愛神的人得益處。』」出自哪一卷書？,羅馬書,羅馬書8:28,雅各用什麼食物換取以掃的長子名分？,紅豆湯,創世記 25:34,耶穌在橄欖山講論末世時，提到有幾位童女拿著燈出去迎接新郎？,10,馬太福音 25:1
10,誰在曠野受魔鬼試探四十天？,耶穌,馬太福音4:1-2,巴別塔事件發生在示拿地，那地後來稱為什麼？,巴比倫,創世記10:10,「耶穌說：『父啊，願你榮耀你的兒子。』」出自哪一卷福音書？,約翰福音,約翰福音17:1,耶穌在伯大尼，馬利亞用真哪噠香膏抹主，那香膏盛在什麼裡？,玉瓶,馬可福音 14:3,五旬節那天，彼得講道後，有多少人受洗歸主？,3000,使徒行傳 2:41
11,誰被兄弟們賣到埃及，最終成為法老的宰相？,約瑟,創世記37:28；41:41,以利亞在曠野走了四十天，到了哪座山？,何烈山,列王紀上19:8,「敬畏耶和華是智慧的開端。」出自哪一卷書？,箴言,箴言9:10,保羅和西拉在獄中禱告，地震後什麼立刻打開了？,監門,使徒行傳 16:26,上帝吩咐挪亞將潔淨的動物每種帶幾隻進方舟？,7,創世記 7:2
12,誰在耶穌釘十字架時，站在旁邊看守？,百夫長,馬太福音27:54,耶穌被釘十字架的地方叫什麼？,各各他,馬太福音27:33,「但以理書」屬於舊約哪一類書？,大先知書,但以理書1:1,浪子回頭時，父親吩咐宰殺的慶祝牲畜是什麼？,肥牛,路加福音 15:23,不潔淨的動物每種帶幾隻進方舟？,2,創世記 7:2
13,誰在摩利亞山上築壇，願意獻以撒為祭？,亞伯拉罕,創世記22:9-12,約拿坐船想逃往哪個遠方港口？,他施,約拿書1:3,「窄門」和「窄路」的教導記在哪一卷福音書？,馬太福音,馬太福音7:14,東方博士獻上什麼預表耶穌的王權？,黃金,馬太福音 2:11,挪亞出方舟後，獻上幾種潔淨的牲畜為燔祭？,4,創世記 8:20
14,誰在五旬節被聖靈充滿，向眾人講道？,彼得,使徒行傳2:14-16,大衛在希伯崙作王七年，那是哪座城？,希伯崙,撒母耳記下2:11,「以利亞在迦密山降火，證明耶和華是神。」出自哪一卷書？,列王紀上,列王紀上18:38,聰明的童女器皿中有什麼？,油,馬太福音 25:4,亞伯拉罕為所多瑪祈求時，問神若城中有幾十個義人是否還滅城？,10,創世記 18:32
15,誰用趕牛的棍子擊殺六百非利士人？,珊迦,士師記3:31,保羅在以弗所時，銀匠底米丟引起騷動，那城是？,以弗所,使徒行傳19:23-29,「耶穌說：『我要求父，父就另外賜給你們一位保惠師。』」出自哪一卷福音書？,約翰福音,約翰福音14:16,启示录中，七靈如同什麼在寶座前點著？,火燈,啟示錄 4:5,以撒為雅各祝福時，雅各穿了幾隻山羊羔皮在手上？,2,創世記 27:16
16,誰在耶穌受難時，削掉大祭司僕人的耳朵？,彼得,約翰福音18:10,耶穌復活後向兩個門徒顯現，他們正往哪個村莊去？,以馬忤斯,路加福音24:13,「我栽種了，亞波羅澆灌了，惟有神叫他生長。」出自哪一卷書？,哥林多前書,哥林多前書3:6,上帝在荊棘火焰中向摩西顯現的植物是什麼？,荊棘,出埃及記 3:2,雅各與以掃重逢時，送他幾群牲畜作禮物？,5,創世記 32:13–20
17,誰在伯大尼用極貴的香膏抹耶穌的腳？,馬利亞,約翰福音12:3,保羅在安提阿教導一年，那城是？,安提阿,使徒行傳11:26,「耶穌說：『我在他們裡面，你在我裡面。』」出自哪一卷福音書？,約翰福音,約翰福音17:23,耶穌騎驢進耶路撒冷時，所騎的牲畜是什麼？,驢,馬太福音 21:5,約瑟解酒政的夢，說他幾日後官復原職？,3,創世記 40:12
18,誰造金牛犢，對百姓說「這就是領你出埃及的神」？,亞倫,出埃及記32:4,耶穌在哪座城被稱為“先知”卻遭厭棄？,拿撒勒,路加福音4:24,「耶穌說：『我與父原為一。』」出自哪一卷福音書？,約翰福音,約翰福音10:30,以利沙使斧頭浮水時，掉入水中的工具是什麼？,斧頭,列王紀下 6:5,膳長的夢中，幾日後被掛起來？,3,創世記 40:19
19,誰在基遍求神使日頭停住？,約書亞,約書亞記10:12,亞伯拉罕在別是巴栽種樹木後，敬拜哪位神？,別是巴,創世記21:33,「今日你要同我在樂園裡了。」耶穌對誰說？,強盜,路加福音23:43,七位天使所吹、宣告災禍的樂器叫什麼？,号,啟示錄 8:2,以色列人出埃及後，在曠野吃嗎哪共多少年？,40,出埃及記 16:35
20,誰在波提乏家中抵擋主母的引誘？,約瑟,創世記39:7-12,保羅在哥林多寫了哪幾封書信？,哥林多,羅馬書1:1；哥林多前書1:1,「父啊，赦免他們！因為他們所做的，他們不曉得。」出自哪一卷福音書？,路加福音,路加福音23:34,雅各騙取以掃祝福時，利百加用什麼包在他手上？,山羊羔皮,創世記 27:16,摩西打發十二探子窺探迦南地，其中有幾人報惡信？,10,民數記 13:30–33; 14:2–4
21,誰是提摩太的母親，與女兒一同信主？,友尼基,提摩太後書1:5,保羅在以弗所教會三年，那城是？,以弗所,使徒行傳20:31,「要穿戴神所賜的全副軍裝。」出自哪一卷書？,以弗所書,以弗所書6:11,路得在波阿斯田裡拾取的農作物是什麼？,麥穗,路得記 2:2,以色列人在曠野漂流共多少年？,40,民數記 14:33
22,誰被保羅稱為「照我們共信之道作我真兒子」？,提多,提多書1:4,大衛在希伯崙作王時，那城是哪個支派的地業？,猶大,撒母耳記下2:1,「以賽亞預言：『祂誠然擔當我們的憂患。』」出自哪一卷書？,以賽亞書,以賽亞書53:4,但以理被扔進的野獸牢獄叫什麼？,獅子坑,但以理書 6:7,贖罪日時，大祭司要為百姓獻幾隻公山羊作贖罪祭？,1,利未記 16:15
23,誰原是逃奴，後來成為保羅親愛的弟兄？,阿尼西母,腓利門書1:10-16,耶穌在哪座城附近的伯大尼長大麻瘋？,伯大尼,馬太福音26:6,「你們就是我的見證。」這話出現在哪一卷書？,使徒行傳,使徒行傳1:8,她們器皿中所盛、象徵聖靈預備的液體是什麼？,油,馬太福音 25:4,會幕的豎板共有多少塊？,48,出埃及記 26:22–25
24,誰在迦密山築壇，求神降火燒盡祭物？,以利亞,列王紀上18:30-38,但以理在巴比倫的哪座宮殿見到牆上字跡？,巴比倫,但以理書5:1-5,「大衛為掃羅和約拿單作哀歌。」出自哪一卷書？,撒母耳記下,撒母耳記下1:17-18,耶穌在客西馬尼園，彼得削掉馬勒古耳朵的武器是什麼？,刀,約翰福音 18:10,金燈臺有幾盞燈？,7,出埃及記 25:37
25,誰在母親腹中就與兄弟抓鬥，後來用詭計取得祝福？,雅各,創世記25:22-26；27:18-29,保羅在以弗所時，有人把什麼書燒掉？,以弗所,使徒行傳19:19,「貪財是萬惡之根。」出自哪一卷書？,提摩太前書,提摩太前書6:10,以利亞升天時，以利沙拾起他的什麼？,外衣,列王紀下 2:13,陳設餅共有幾塊，分為兩行？,12,利未記 24:6
26,誰是士師，因許願而獻上自己女兒？,耶弗他,士師記11:30-39,哪座城因喇合藏探子而得保存？,耶利哥,約書亞記6:25,「投靠耶和華」比倚賴什麼更可靠？,世人,詩篇118:8,启示录中，新耶路撒冷的牆是用什麼石頭建造的？,碧玉,啟示錄 21:18,所羅門建殿時，殿前的廊子長多少肘？,20,列王紀上 6:3
27,誰是亞伯拉罕的妾，生下以實瑪利？,夏甲,創世記16:15,亞伯拉罕在摩利亞山築壇獻以撒，那山後來成為哪座城的一部分？,耶路撒冷,創世記22:2；歷代志下3:1,「耶穌說：『我來了，是要叫羊得生命，並且得的更豐盛。』」出自哪一卷福音書？,約翰福音,約翰福音10:10,耶穌在十個童女比喻中，愚拙的童女缺什麼？,油,馬太福音 25:3,所羅門用多少年建造耶和華的殿？,7,列王紀上 6:38
28,誰獲波斯王准許，回耶路撒冷重建城牆？,尼希米,尼希米記2:5-8,保羅最後被帶到哪座帝國京城受審？,羅馬,使徒行傳28:16,「耶穌說：『你們多結果子，我父就因此得榮耀。』」出自哪一卷福音書？,約翰福音,約翰福音15:8,耶穌斷氣時，聖殿的什麼從上到下裂為兩半？,幔子,馬太福音 27:51,又用多少年建造自己的宮殿？,13,列王紀上 7:1
29,誰在巴別塔事件後，被稱為「分開全地的人」？,法勒,創世記10:25,以利亞在別是巴留僕人後獨行，那城是？,別是巴,列王紀上19:3,「神愛世人，甚至將祂的獨生子賜給他們。」出自哪一卷書？,約翰福音,約翰福音3:16,新耶路撒冷不需要日月，因有什麼照耀？,神榮耀,啟示錄 21:23,以利亞在迦密山築壇，用多少塊石頭代表以色列支派？,12,列王紀上 18:31
30,誰是亞伯拉罕的兄弟，哈蘭的父親？,拿鶴,創世記11:27,以色列人領受律法前扎營的曠野是哪？,西乃曠野,出埃及記19:2,「以撒的出生是因著應許。」這事記在哪一卷書？,創世記,創世記21:1-2,愚拙人把房子蓋在什麼上，雨淋水沖就倒塌了？,沙土,馬太福音 7:26,以利亞升天時，有幾輛火馬車將他與以利沙分開？,1,列王紀下 2:11
31,誰下令殺害伯利恆兩歲以下男嬰？,大希律,馬太福音2:16,耶穌在哪座城附近的伯大尼受膏於西門家？,耶路撒冷,馬太福音26:6,「回答柔和，使怒消退。」出自哪一卷書？,箴言,箴言15:1,大祭司胸前所戴、內藏烏陵土明的裝飾叫什麼？,胸牌,出埃及記 28:30,以利沙吩咐乃縵在約旦河沐浴幾次？,7,列王紀下 5:10
32,哪位先祖與侄兒羅得分開土地？,亞伯拉罕,創世記13:8-9,大衛作王統一以色列的首都是哪座城？,耶路撒冷,撒母耳記下5:5,「神使那無罪的，替我們成為罪。」出自哪一卷書？,哥林多後書,哥林多後書5:21,先知耶利米為證明猶大必歸回，所購地的法律文件叫什麼？,地契,耶利米書 32:10,但以理一日禱告幾次，面向耶路撒冷？,3,但以理書 6:10
33,誰是掃羅的女兒，幫助大衛逃脫追殺？,米甲,撒母耳記上19:12,保羅在腓立比為呂底亞施洗，那城是？,腓立比,使徒行傳16:14-15,「以斯拉在耶路撒冷宣讀律法。」出自哪一卷書？,尼希米記,尼希米記8:1,耶穌口中出來、象徵神話語的利器是什麼？,劍,啟示錄 1:16,尼布甲尼撒的金像高多少肘？,60,但以理書 3:1
34,誰派探子窺探耶利哥，並接待喇合的使者？,約書亞,約書亞記2:1,保羅在特羅亞見異象後，渡海去了哪個省？,馬其頓,使徒行傳16:10,「鹽若失了味」，就只好怎樣？,丟在外面,馬太福音5:13,以利沙幫助寡婦時，她所倒出的神奇液體是什麼？,油,列王紀下 4:6,尼布甲尼撒的金像寬多少肘？,6,但以理書 3:1
35,誰又名利未，是十二使徒之一？,馬太,馬可福音2:14,彼得在約帕見異象後去了哪個外邦人家？,凱撒利亞,使徒行傳10:24,「行公義，好憐憫，存謙卑的心，與你的神同行。」出自哪一卷書？,彌迦書,彌迦書6:8,同樣，他帶來的另一種香料是什麼？,沉香,約翰福音 19:39,約伯受試煉後，朋友來看他，共有幾位？,3,約伯記 2:11
36,誰是大祭司，說「一人替百姓死是有益的」？,該亞法,約翰福音11:50,歌利亞是哪一座非利士城的巨人？,迦特,撒母耳記上17:4,「耶穌在客西馬尼園禱告：『不要照我的意思，只要照你的意思。』」出自哪一卷福音書？,馬太福音,馬太福音26:39,耶穌在格拉森，群鬼所進入的動物是什麼？,豬,馬可福音 5:13,約伯恢復後，又得幾個女兒？,3,約伯記 42:13
37,誰又稱約翰，是巴拿巴的表弟？,馬可,歌羅西書4:10,耶穌降生的城市是哪一座？,伯利恆,路加福音2:4-7,「清心的人有福了」，因為他們必怎樣？,得見神,馬太福音5:8,耶穌被兵丁戲弄時，他們給祂披上的皇室顏色外袍是什麼？,紫袍,馬可福音 15:17,約伯恢復後，又得幾個兒子？,7,約伯記 42:13
38,誰起初因未見釘痕而不信耶穌復活？,多馬,約翰福音20:25,以利亞在別是巴的曠野求死，那城是？,別是巴,列王紀上19:4,「保羅說：『我活著就是基督，我死了就有益處。』」出自哪一卷書？,腓立比書,腓立比書1:21,點燈所用的純淨液體必須用什麼榨出？,油,出埃及記 27:20,約拿在大魚腹中幾日幾夜？,3,約拿書 1:17
39,誰在以馬忤斯路上與復活的耶穌同行？,克流巴,路加福音24:18,羅得逃離所多瑪後居住的山洞靠近哪座小城？,瑣珥,創世記19:30,「使人和睦的人有福了，因為他們必稱為神的兒子。」出自哪一卷福音書？,馬太福音,馬太福音5:9,耶穌在伯大尼長大痲瘋的西門家，女人用來膏主的物體是什麼？,香膏,馬太福音 26:7,耶穌開始傳道時約幾歲？,30,路加福音 3:23
40,耶穌呼召哪一位稅吏離開稅關來跟從祂？,馬太,馬太福音9:9,保羅在路司得被當作希耳米神，那城在哪？,路司得,使徒行傳14:12,《以賽亞書》預言「有一嬰孩為我們而生」，祂名稱為「奇妙、策士、全能的神、永在的父、」什麼？,和平君,以賽亞書9:6,祭司進會幕前洗手洗腳的銅製器皿叫什麼？,洗濯盆,出埃及記 30:18,耶穌受洗後，在曠野禁食幾日？,40,馬太福音 4:2
41,誰是先知，與保羅同工，在腓立比被囚？,西拉,使徒行傳16:19-25,亞伯拉罕獻以撒的地點是哪座山？,摩利亞山,創世記22:2,「但以理被扔進獅子坑，神封住獅子的口。」出自哪一卷書？,但以理書,但以理書6:22,以利亞在迦密山築壇所用的材料是什麼？,石頭,列王紀上 18:31,耶穌在迦拿婚宴，有幾口石缸用來裝水？,6,約翰福音 2:6
42,誰預言保羅在耶路撒冷將被捆綁？,亞迦布,使徒行傳21:10-11,耶穌在哪座城被稱為“伯利恆的君王”？,伯利恆,馬太福音2:6,「聖靈所結的果子，第一樣是什麼？」,仁愛,加拉太書5:22,保羅在腓立比，呂底亞聽道後，她家所用的染料是什麼？,紫布,使徒行傳 16:14,耶穌選立多少位門徒，稱為使徒？,12,路加福音 6:13
43,誰在基立溪旁被烏鴉供養？,以利亞,列王紀上17:6,以斯帖在書珊城中為民冒險見王，那城是？,書珊,以斯帖記5:1-2,「聖靈和新婦都說：『來！』」出自哪一卷書？,啟示錄,啟示錄22:17,以利沙醫治乃縵後，拒絕收下的貴重禮物是什麼？,銀子,列王紀下 5:15,耶穌差遣多少人出去兩個兩個傳道？,72,路加福音 10:1
44,耶穌最初的門徒中，誰是加利利的漁夫？,彼得,馬太福音4:18,約書亞在吉甲與百姓立約，那地是？,吉甲,約書亞記4:19,「務要傳道，無論得時不得時。」出自哪一卷書？,提摩太後書,提摩太後書4:2,耶穌在加利利婚宴變水為酒所用的容器是什麼？,石缸,約翰福音 2:6,耶穌用五餅二魚餵飽四千人後，剩下裝滿多少筐？,7,馬太福音 15:37
45,誰是古利奈人西門的兒子，後來成為信徒？,亞歷山大,馬可福音15:21,彼得、安得烈和腓力的家鄉是哪座城？,伯賽大,約翰福音1:44,「信就是所望之事的實底，是未見之事的確據。」出自哪一卷書？,希伯來書,希伯來書11:1,耶穌在提比哩亞海邊，岸上已有什麼燃燒？,炭火,約翰福音 21:9,耶穌說祂必須被幾類人棄絕？,3,馬可福音 8:31
46,哪位被稱為「信心之父」，因信神能叫人從死裡復活？,亞伯拉罕,希伯來書11:19,保羅在雅典等候西拉和提摩太，那城是？,雅典,使徒行傳17:16,「約瑟被哥哥賣到埃及，耶和華與他同在。」出自哪一卷書？,創世記,創世記39:2,耶稣用什么医治了那个耳聋舌结的人？,唾沫,馬可福音 7:32,耶穌在客西馬尼園禱告幾次後，門徒仍睡著？,3,馬太福音 26:44
47,誰在何烈山看見 burning bush 中神的顯現？,摩西,出埃及記3:2-4,耶穌在哪座城被彼拉多鞭打？,耶路撒冷,馬太福音27:26,「耶穌在 Sunday清晨復活。」出自哪一卷福音書？,馬太福音,馬太福音28:1-6,上帝在洪水後設在天上的記號是什麼？,虹,創世記 9:13,彼得在雞叫以先，否認耶穌幾次？,3,馬太福音 26:34
48,誰娶兄弟之妻希羅底，被施洗約翰責備？,希律,馬可福音6:18,保羅在雅典向哲士傳道，那城是？,雅典,使徒行傳17:22,《啟示錄》又稱為什麼？,默示錄,啟示錄1:1,同樣，他用來消毒的另一種液體是什麼？,酒,路加福音 10:34,耶穌升天前，吩咐門徒在耶路撒冷等候幾日，直到聖靈降臨？,10,使徒行傳 1:3–5
49,誰是羅馬百夫長，因信全家得聖靈？,哥尼流,使徒行傳10:44-45,保羅在安提阿被差遣開始宣教，那城是？,安提阿,使徒行傳13:1-3,「以色列人過紅海，埃及軍兵被淹沒。」出自哪一卷書？,出埃及記,出埃及記14:28,耶穌被釘時，兵丁分祂沒有縫線的什麼？,裡衣,約翰福音 19:23,五旬節是從初熟節算起第幾日？,50,利未記 23:15–16
50,誰是便雅憫人，被揀選作以色列第一個王？,掃羅,撒母耳記上9:16-17,約書亞在哪座城與百姓立石為記？,吉甲,約書亞記4:20,「耶穌說：『你們要彼此相愛，像我愛你們一樣。』」出自哪一卷福音書？,約翰福音,約翰福音15:12,启示录中，盛滿香、代表眾聖徒祈禱的器叫什麼？,金爐,啟示錄 8:3,初代教會選出幾位執事管理飯食？,7,使徒行傳 6:3
51,誰因未在米利巴尊神為聖，不得進入應許之地？,摩西,民數記20:12,保羅在庇推尼被聖靈禁止傳道，那地在哪一省？,亞西亞,使徒行傳16:6,「愛是恆久忍耐，又有恩慈。」出自哪一卷書？,哥林多前書,哥林多前書13:4,上帝在曠野晚上賜下什麼鳥類作肉食？,鵪鶉,出埃及記 16:13,司提反是其中之一，共幾位？,7,使徒行傳 6:5
52,誰沉睡時，神取他一根肋骨造出妻子？,亞當,創世記2:21,耶穌在哪座城附近的西羅亞池醫治瞎子？,耶路撒冷,約翰福音9:7,「溫柔的人有福了，因為他們必承受地土。」出自哪一卷福音書？,馬太福音,馬太福音5:5,彼得在約帕房頂見異象時，從天降下的物體叫什麼？,大布,使徒行傳 10:11,耶穌吩咐十二使徒在路上不要帶幾件衣裳？,2,馬太福音 10:10
53,誰因拒絕敬拜金像，被扔進獅子坑卻安然無恙？,但以理,但以理書6:16-23,耶穌在哪座城附近的橄欖山預言聖殿被毀？,耶路撒冷,馬可福音13:1-2,「所以，你們要去，使萬民作我的門徒。」出自哪一卷福音書？,馬太福音,馬太福音28:19,耶穌在蓋房子的比喻中，聰明人把根基挖深直到什麼？,磐石,馬太福音 7:24,彼得後書說，主看千年如幾日？,1,彼得後書 3:8
54,誰對耶穌說：「你是基督，是永生神的兒子」？,彼得,馬太福音16:16,耶穌在哪座城附近的路上醫治了十個痲瘋病人？,耶路撒冷,路加福音17:11,「耶利哥的城牆因以色列人繞行而倒塌。」出自哪一卷書？,約書亞記,約書亞記6:20,摩西擊打後流出水來供百姓飲用的物體叫什麼？,磐石,出埃及記 17:6,約翰在拔摩海島見異象，基督站在幾個金燈臺中間？,7,啟示錄 1:13
55,誰在大祭司院子裡三次否認認識耶穌？,彼得,馬太福音26:69-75,以利亞在基立溪乾了之後，去了哪個寡婦的家？,撒勒法,列王紀上17:9,「你要盡心、盡性、盡意愛主你的神。」這話出自哪一卷書？,馬太福音,馬太福音22:37,耶穌被埋葬時裹身的潔白布料叫什麼？,細麻布,馬太福音 27:59,基督手中拿著幾封書信？,7,啟示錄 1:11
56,哪一位門徒與彼得、雅各一同見耶穌變像？,約翰,馬太福音17:1-2,保羅在特羅亞見到馬其頓異象，那城在哪？,特羅亞,使徒行傳16:8-9,「我赤身出於母胎，也必赤身歸回。」出自哪一卷書？,約伯記,約伯記1:21,他們放在耶穌右手、象徵王權的植物莖叫什麼？,葦子,馬太福音 27:29,七印揭開後，有幾位天使拿著七號？,7,啟示錄 8:2
57,誰是摩押王，雇巴蘭咒詛以色列？,巴勒,民數記22:2,但以理見四獸異象的地點是哪？,以攔,但以理書8:2,「彼得講道，三千人信主。」出自哪一卷書？,使徒行傳,使徒行傳2:41,耶穌在加利利海，用什麼使彼得網滿魚？,網,路加福音 5:6,七號之後，有幾位天使拿著七碗？,7,啟示錄 15:1
58,誰是大衛的兒子，因美貌和長髮聞名，後發動叛變？,押沙龍,撒母耳記下14:25-26,耶戶在耶斯列殺死耶洗別，那城在哪？,耶斯列,列王紀下9:30,「耶穌說：『無論何事，你們願意人怎樣待你們，你們也要怎樣待人。』」出自哪一卷福音書？,馬太福音,馬太福音7:12,以賽亞按照神指示行走三年所脫下的鞋叫什麼？,鞋子,以賽亞書 20:2,启示录中，有幾位天使掌管末後的七災？,7,啟示錄 15:6
59,誰在腓立比賣紫色布匹，信主後接待保羅？,呂底亞,使徒行傳16:14-15,耶穌在哪座城被彼拉多審問？,耶路撒冷,馬可福音15:1,「耶穌在橄欖山預言末世。」出自哪一卷福音書？,馬太福音,馬太福音24:3,喇合用來標記房屋、保護探子的繩子是什麼顏色？,紅線,約書亞記 2:18,約伯的三個朋友與他辯論共幾輪？,3,約伯記 4–27
60,誰在耶路撒冷會議主張接納外邦信徒？,雅各,使徒行傳15:13-19,耶穌在哪座城醫治了癱子並引起文士議論？,迦百農,馬可福音2:1-7,「我是阿拉法，我是俄梅戛。」出自哪一卷書？,啟示錄,啟示錄1:8,耶穌被兵丁戴上頭的尖銳冠冕是用什麼編成的？,荊棘,馬太福音 27:29,路加福音記載，耶穌降生時，女先知亞拿年紀多大？,84,路加福音 2:37
61,誰臨終前叫兒子們到床前，為他們祝福？,雅各,創世記49:1-2,末日大戰哈米吉多頓的場所在哪？,米吉多,啟示錄16:16,「耶穌說：『我是世界的光。』」出自哪一卷福音書？,約翰福音,約翰福音8:12,上帝與挪亞立約時設在雲中的記號是什麼？,虹,創世記 9:13,耶穌在撒瑪利亞井旁，婦人有幾個丈夫？,5,約翰福音 4:18
62,誰作以色列第一位君王，後來被神棄絕？,掃羅,撒母耳記上15:23,耶穌在哪座城教導“兇惡園戶”的比喻？,耶路撒冷,馬太福音21:33,「摩西登上尼波山，耶和華讓他看見應許之地。」出自哪一卷書？,申命記,申命記34:1,保羅和西拉在獄中禱告時，所戴的刑具是什麼？,鎖鍊,使徒行傳 16:26,耶穌在撒瑪利亞井旁，婦人現在同居的丈夫是第幾位？,6,約翰福音 4:18
63,誰因嫉妒大衛，多次試圖用槍刺他？,掃羅,撒母耳記上18:11,以利亞在基立溪旁被烏鴉供養，那溪在何處？,基立溪,列王紀上17:3,「施比受更為有福。」這話出自哪一卷書？,使徒行傳,使徒行傳20:35,路加福音中，婦人點燈尋找失落銀幣，她所用的照明工具是什麼？,燈,路加福音 15:8,耶穌在畢士大池醫治癱子，那人病了多少年？,38,約翰福音 5:5
64,誰在耶利哥呼求「大衛的子孫」可憐他？,巴底買,馬可福音10:47,耶穌在哪座城被孩童稱頌為彌賽亞？,耶路撒冷,馬太福音21:15,「耶穌說：『我愛你們，正如父愛我一樣。』」出自哪一卷福音書？,約翰福音,約翰福音15:9,但以理書中，肚腹和腰是什麼金屬？,銅,但以理書 2:32,耶穌在伯賽大醫治瞎子，吐唾沫在他眼睛幾次？,2,馬可福音 8:23–25
65,誰在該撒利亞向哥尼流一家傳道，開啟外邦人歸主之門？,彼得,使徒行傳10:1-48,耶穌在哪座城教導“財主與拉撒路”的比喻？,耶路撒冷,路加福音16:1,「耶穌說：『不要為生命憂慮吃什麼，喝什麼。』」出自哪一卷福音書？,馬太福音,馬太福音6:25,耶穌在五餅二魚神蹟後，吩咐門徒收什麼？,籃子,馬太福音 14:20,耶穌在變像山上，帶了幾位門徒同去？,3,馬太福音 17:1
66,誰在羅馬監獄中寫信給腓立比教會？,保羅,腓立比書4:1,耶穌在哪座城教導“好牧人”的比喻？,耶路撒冷,約翰福音10:1-18,「啟示錄說：『看哪，我將一切都更新了！』」出自哪一卷書？,啟示錄,啟示錄21:5,保羅在船上遇風暴時，水手用來捆綁船體的物件是什麼？,繩索,使徒行傳 27:17,山上有幾位舊約人物與耶穌說話？,2,馬太福音 17:3
67,誰因禱告得子撒母耳，並將他獻給耶和華？,哈拿,撒母耳記上1:27-28,耶穌在哪座山為耶路撒冷將來的毀滅哀哭？,橄欖山,路加福音19:41,「百基拉和亞居拉」以什麼為業？,帳棚匠,使徒行傳18:2-3,摩西娶妻時，岳父送他什麼動物？,驢,出埃及記 4:20,耶穌復活後，在加利利海邊向多少門徒顯現？,7,約翰福音 21:2
68,誰從母腹就被分別為拿細耳人，力大無窮？,參孫,士師記13:5,以斯帖和末底改住在哪座波斯京城？,書珊,以斯帖記1:2,「神愛世人，甚至將祂的獨生子賜給他們」的結果是？,不至滅亡,約翰福音3:16,以斯拉在水門前宣讀律法時，所站的物體是什麼？,木台,尼希米記 8:4,耶穌在以馬忤斯路上，向幾位門徒顯現？,2,路加福音 24:13
69,誰帶領以色列人出埃及，在西奈山領受律法？,摩西,出埃及記19:20,以掃的後裔居住的地區叫什麼？,以東,創世記36:1,「彼得勸信徒在試煉中要喜樂。」出自哪一卷書？,彼得前書,彼得前書1:6-7,第二印揭開時，騎紅馬者被賜予什麼？,刀,啟示錄 6:4,保羅在以弗所，有幾位門徒說他們未聽見有聖靈？,12,使徒行傳 19:1–7
70,誰在85歲時仍請求攻打山地，說自己力量不減？,迦勒,約書亞記14:11,耶穌在哪座城醫治了癱子並赦免他的罪？,迦百農,馬可福音2:1-12,「耶穌說：『我不但為這個人祈求，也為那些因他們的話信我的人祈求。』」出自哪一卷福音書？,約翰福音,約翰福音17:20,上帝在曠野每日賜下如白霜的食物叫什麼？,吗哪,出埃及記 16:14,保羅在耶路撒冷被捕後，腓力有幾個女兒是說預言的？,4,使徒行傳 21:9
71,誰在耶穌腳前聽道，被主稱讚選了上好的福分？,馬利亞,路加福音10:42,以色列人過紅海後去哪座山領受十誡？,西奈山,出埃及記19:20,「耶穌在迦百農醫治百夫長的僕人。」出自哪一卷福音書？,馬太福音,馬太福音8:5-13,阿摩司異象中上帝用來檢驗正直的工具叫什麼？,準繩,阿摩司書 7:7,耶穌在財主和拉撒路的比喻中，財主有幾個弟兄？,5,路加福音 16:28
72,誰受聖靈感動，說出許多預言彌賽亞的詩篇？,大衛,使徒行傳2:30,腓立比位於羅馬哪一省份？,馬其頓,使徒行傳16:12,「耶穌說：『只是我告訴你們，不要與惡人作對。』」出自哪一卷福音書？,馬太福音,馬太福音5:39,摩西在曠野，上帝使什麼在晚上遮蓋會幕？,雲,出埃及記 40:38,耶穌在無花果樹旁，樹上有幾年沒有結果？,3,路加福音 13:7
73,誰是行邪術的撒瑪利亞人，後信主卻被彼得責備？,西門,使徒行傳8:9-24,大衛攻取的錫安保障又稱什麼？,大衛城,撒母耳記下5:7,「耶穌說：『為什麼看見你弟兄眼中有刺，卻不想自己眼中有梁木呢？』」出自哪一卷福音書？,馬太福音,馬太福音7:3,耶穌進耶路撒冷時，百姓手拿什麼樹枝？,棕樹枝,約翰福音 12:13,耶穌在比喻中說，有一個欠主人多少銀子的債？,10000,馬太福音 18:24
74,誰殺害施洗約翰，因女兒跳舞討他歡心？,希律,馬太福音14:6-10,大衛在哪座城被膏為全以色列的王？,希伯崙,撒母耳記下2:4；5:3,「心中喜樂，面帶笑容；心裡憂愁，靈被損傷。」出自哪一卷書？,箴言,箴言15:13,以西結書中，上帝用什麼物體預言以色列復興？,枯骨,以西結書 37:1,耶穌在好撒瑪利亞人比喻中，撒瑪利亞人給店主多少錢？,2,路加福音 10:35
75,誰與神摔跤，大腿窩被摸一把就瘸了？,雅各,創世記32:24-25,摩西在摩押平原預言十二支派未來，那地是？,摩押平原,申命記33:0,「惟獨從上頭來的智慧，先是清潔，後是和平。」出自哪一卷書？,雅各書,雅各書3:17,撒種的比喻中，農夫所撒出的農作物是什麼？,種子,馬太福音 13:3,耶穌在十個麻瘋病人比喻中，有幾人回來感謝耶穌？,1,路加福音 17:15–17
76,誰是亞利馬太的議士，安葬耶穌？,約瑟,馬太福音27:57,保羅第一次宣教時先去哪個島？,居比路,使徒行傳13:4,「保羅在腓立比被囚，地震開了監門。」出自哪一卷書？,使徒行傳,使徒行傳16:26,耶穌在客西馬尼園被捕時，彼得削掉大祭司僕人耳朵所用的武器是什麼？,刀,約翰福音 18:10,耶穌在客西馬尼園，對彼得說：「你不能和我一同儆醒幾小時？」,1,馬太福音 26:40
77,誰是該亞法的岳父，曾先審問耶穌？,亞那,約翰福音18:13-14,保羅在特羅亞使少年人猶推古復活，那城在哪？,特羅亞,使徒行傳20:7-12,「掃羅往大馬士革路上遇見主。」出自哪一卷書？,使徒行傳,使徒行傳9:3-6,耶利米打碎以示耶路撒冷將毀的陶器叫什麼？,瓦器,耶利米書 19:1,耶穌在十個童女比喻中，有幾位是愚拙的？,5,馬太福音 25:2
78,誰在山上教導「八福」？,耶穌,馬太福音5:1-3,以利沙使亞蘭將軍乃縵得潔淨的河是哪一條？,約旦河,列王紀下5:14,「耶穌在迦拿婚宴變水為酒。」出自哪一卷福音書？,約翰福音,約翰福音2:1-11,耶穌降生時所躺的飼料槽叫什麼？,馬槽,路加福音 2:7,耶穌在十個童女比喻中，有幾位是聰明的？,5,馬太福音 25:2
79,誰在變像山上看見摩西和以利亞與耶穌說話？,彼得,馬太福音17:3-4,以利亞在迦密山獻祭後，去了哪座城躲避耶洗別？,別是巴,列王紀上19:3,「彼得向哥尼流一家傳道，聖靈降臨在外邦人身上。」出自哪一卷書？,使徒行傳,使徒行傳10:44,上帝吩咐用來盛放嗎哪作永遠見證的器皿是什麼？,罐子,出埃及記 16:33,耶穌在路加福音十五章，婦人有十個銀幣，失落了幾個？,1,路加福音 15:8
80,誰靠在耶穌胸膛問誰出賣祂？,約翰,約翰福音13:25,耶穌在哪座城教導“不饒恕人的惡僕”？,耶路撒冷,馬太福音18:23,「耶穌在耶路撒冷潔淨聖殿。」出自哪一卷福音書？,馬太福音,馬太福音21:12-13,耶穌在拉撒路墓前，吩咐人挪開什麼？,石頭,約翰福音 11:38,耶穌在路加福音十五章，牧人有一百隻羊，走失了幾隻？,1,路加福音 15:4
81,誰被火車火馬接去，沒有經歷死亡？,以利亞,列王紀下2:11,耶穌在哪座城醫治了駝背十八年的婦人？,耶路撒冷,路加福音13:10-13,「摩西五經」包括哪五卷書？（答第一卷）,創世記,創世記1:1,上帝吩咐用藍紫朱紅線編織的大祭司聖衣叫什麼？,以弗得,出埃及記 28:6,耶穌在馬太福音二十五章，才幹比喻中，主人給一個僕人幾他連得銀子？,1,馬太福音 25:15
82,誰在耶穌復活清晨，第一個到墳墓那裡？,抹大拉,約翰福音20:1,迦南王耶賓的京城是哪座城？,夏瑣,士師記4:2,「心中乖僻的，為耶和華所憎惡。」出自哪一卷書？,箴言,箴言11:20,約瑟在埃及被囚時，膳長夢見什麼？,籃子,創世記 40:16,門徒說香膏可賣多少銀子賙濟窮人？,300,馬太福音 26:9
83,誰在耶穌受審時，跟到大祭司院子裡？,彼得,馬太福音26:58,耶穌在哪座城被稱為“先知耶穌”？,耶利哥,馬可福音10:46,「不要論斷人，免得你們被論斷。」出自哪一卷福音書？,馬太福音,馬太福音7:1,同樣，預表祂神性的香料是什麼？,乳香,馬太福音 2:11,猶大出賣耶穌，得了多少銀子？,30,馬太福音 26:15
84,誰是百基拉的丈夫，與妻子一同接待保羅？,亞居拉,使徒行傳18:2,亞伯拉罕在幔利橡樹那裡築壇，那地在哪？,幔利,創世記13:18,「你們要先求祂的國和祂的義。」出自哪一卷福音書？,馬太福音,馬太福音6:33,上帝用指頭在曠野山上親自書寫律法的兩片物體叫什麼？,石版,出埃及記 31:18,耶穌被釘時，兵丁分祂裡衣，共幾人分？,4,約翰福音 19:23
85,誰在何烈山進入山洞，聽見神微小的聲音？,以利亞,列王紀上19:9-12,約書亞在哪座城與基遍人立和約？,吉甲,約書亞記10:1-6,「人若賺得全世界，賠上自己的生命，有什麼益處？ 」出自哪一卷福音書？,馬太福音,馬太福音16:26,启示录中，光明婦人所披戴的天體是什麼？,日頭,啟示錄 12:1,耶穌在十架上，遍地黑暗共幾小時？,3,馬太福音 27:45
86,誰是亞哈王的家宰，曾藏一百先知？,俄巴底,列王紀上18:4,彼得在約帕使多加復活後，許多人信了主，那城是？,約帕,使徒行傳9:42,「耶穌說：『所以，凡聽見我這話不去行的，好比無知的人。』」出自哪一卷福音書？,馬太福音,馬太福音7:26,約瑟被兄弟賣給米甸商人時，他們用什麼運載他？,駱駝,創世記 37:25,耶穌在墳墓裡共幾日幾夜？,3,馬太福音 12:40
87,耶穌在伯大尼使誰從死裡復活？,拉撒路,約翰福音11:43-44,耶穌常去禱告的山，也是客西馬尼園所在地，是哪一座？,橄欖山,路加福音22:39,「耶穌說：『你們若遵行我所吩咐的，就是我的朋友了。』」出自哪一卷福音書？,約翰福音,約翰福音15:14,以西結異象中，在上帝的寶座下，活物的相貌像什麼？,火炭,以西結書 1:13,上帝造日頭、月亮、星辰是在第幾日？,4,創世記 1:14–19
88,誰因取了當滅之物，導致以色列人在艾城敗北？,亞干,約書亞記7:1,約伯居住的烏斯地在何處？,烏斯,約伯記1:1,「靠著那加給我力量的，凡事都能做。」出自哪一卷書？,腓立比書,腓立比書4:13,約瑟在埃及被囚時，法老的酒政夢見什麼樹？,葡萄樹,創世記 40:9,上帝造人是在第幾日？,6,創世記 1:26–31
89,誰在五旬節後，醫好美門旁的瘸子？,彼得,使徒行傳3:1-8,保羅與以弗所長老告別的地點是哪？,米利都,使徒行傳20:17,「彼得三次不認主，雞就叫了。」出自哪一卷福音書？,馬太福音,馬太福音26:74-75,启示录中，大淫婦手拿什麼盛滿可憎之物的器皿？,金杯,啟示錄 17:4,安息日是第幾日？,7,創世記 2:2–3
90,誰稱提摩太為「我親愛的兒子」？,保羅,提摩太前書1:2,以斯帖在書珊城中的哪座宮殿見王？,書珊,以斯帖記2:8,「凡勞苦擔重擔的人，可以到我這裡來。」出自哪一卷福音書？,馬太福音,馬太福音11:28,保羅在凱撒利亞，亞迦布用什麼預言他將被捆綁？,腰帶,使徒行傳 21:11,以色列人過約旦河時，從河中取幾塊石頭立在吉甲？,12,約書亞記 4:8
91,誰在曠野舉起銅蛇，使百姓一望就活？,摩西,民數記21:8-9,挪亞的方舟最後停在哪座山上？,亞拉臘山,創世記8:4,「耶穌在拿因城使寡婦的兒子復活。」出自哪一卷福音書？,路加福音,路加福音7:11-15,耶穌復活時，墓中留下的裹頭巾是什麼？,裹頭巾,約翰福音 20:7,耶穌在路加福音，失錢的婦人原有幾個銀錢？,10,路加福音 15:8
92,誰是唯一與約書亞一起相信神會將迦南地賜給以色列的探子？,迦勒,民數記14:24,耶穌使拉撒路復活的村莊是哪一個？,伯大尼,約翰福音11:1,「起初，神創造天地。」出自哪一卷書？,創世記,創世記1:1,拉撒路死後被包裹全身的布叫什麼？,裹屍布,約翰福音 11:44,耶穌在馬太福音十七章，預言祂第幾日復活？,3,馬太福音 17:23
93,誰懷孕生下該隱和亞伯？,夏娃,創世記4:1-2,耶穌在哪座城使睚魯的女兒復活？,迦百農,馬可福音5:22-42,「神要擦去他們一切的眼淚。」出自哪一卷書？,啟示錄,啟示錄21:4,大祭司贖罪日，把血彈在什麼上？,施恩座,利未記 16:14,約瑟被賣到埃及，時年幾歲？,17,創世記 37:2
94,誰原名掃羅，後成為外邦人的使徒？,保羅,使徒行傳13:9,約櫃在非利士地造成災禍後，被送回以色列的哪座城？,伯示麥,撒母耳記上6:13,「若有人在這預言上加添什麼，神必將寫在這書上的災禍加在他身上。」出自哪一卷書？,啟示錄,啟示錄22:18,先知以西結奉命吞下的、內外寫滿哀號的物品是什麼？,書卷,以西結書 2:9,約瑟見法老時幾歲？,30,創世記 41:46
95,誰在伯大尼使拉撒路從死裡復活？,耶穌,約翰福音11:43-44,耶穌向撒瑪利亞婦人談道的井在哪座城旁？,敘加,約翰福音4:5,「耶穌說：『不要把聖物給狗，也不要把珍珠丟在豬前。』」出自哪一卷福音書？,馬太福音,馬太福音7:6,耶穌在格拉森趕鬼，群鬼央求進入什麼動物？,豬,馬可福音 5:12,約瑟死時幾歲？,110,創世記 50:26
96,誰賣田產後私藏價銀，結果倒斃？,亞拿尼亞,使徒行傳5:1-5,耶穌在哪座城被稱為“木匠的兒子”？,拿撒勒,馬太福音13:55,「耶穌說：『要愛你們的仇敵。』」出自哪一卷福音書？,馬太福音,馬太福音5:44,亞倫在可拉叛亂後，用來止住瘟疫的物體是什麼？,香爐,民數記 16:46,摩西死時幾歲？,120,申命記 34:7
97,誰在往大馬士革路上遇見復活的主，眼睛 temporarily失明？,保羅,使徒行傳9:3-9,以利沙在約旦河使乃縵的大痲瘋得潔淨，那河是哪一條？,約旦河,列王紀下5:10-14,「這道太監從前在曠野遇見腓利。」這記載在哪一卷書？,使徒行傳,使徒行傳8:26-39,上帝吩咐以西結用來剃頭髮鬍鬚的工具是什麼？,刀,以西結書 5:1,大衛作以色列王共幾年？,40,列王紀上 2:11
98,誰又稱巴多羅買，被耶穌稱為真以色列人？,拿但業,約翰福音1:47,摩西死前登上哪座山眺望應許之地？,尼波山,申命記34:1,「路得說：『你的國就是我的國，你的神就是我的神。』」出自哪一卷書？,路得記,路得記1:16,第三印揭開時，騎黑馬者手中拿著什麼？,天平,啟示錄 6:5,所羅門作王共幾年？,40,列王紀上 11:42
99,誰在橄欖山見耶穌升天？,門徒,使徒行傳1:12,士師底波拉和巴拉聚集軍隊的地點是哪？,他泊山,士師記4:6,「愛是凡事包容，凡事相信，凡事盼望，凡事忍耐。」出自哪一卷書？,哥林多前書,哥林多前書13:7,但以理書中，巨像的腳是用什麼材料製成的？,半鐵半泥,但以理書 2:33,初代教會在耶路撒冷，最初門徒約幾人？,120,使徒行傳 1:15
100,耶穌稱哪一位門徒為「雷子」？,約翰,馬可福音3:17,摩西在何處擊打磐石出水？,米利巴,民數記20:11,「耶穌說：『我已將你的道賜給他們。』」出自哪一卷福音書？,約翰福音,約翰福音17:14,會幕帷子所用的細緻白色物叫什麼？,細麻,出埃及記 26:1,耶穌升天時，有幾位門徒在場？,11,"使徒行傳 1:13, 26"
101,誰有猶太籍母親和希臘籍父親，與保羅同行宣教？,提摩太,使徒行傳16:1,彼得在約帕時，見異象中有何種容器從天降下？,約帕,使徒行傳10:11,「司提反滿有恩惠和能力，在民間行了大奇事。」出自哪一卷書？,使徒行傳,使徒行傳6:8,雅各在伯特利，用什麼澆在石頭上？,油,創世記 28:18,耶穌在迦拿婚宴，有幾口石缸用來裝水？,6,約翰福音 2:6
102,誰在加利利海邊呼召彼得和安得烈？,耶穌,馬太福音4:18-20,耶穌在伯大尼附近的哪座村莊受膏？,伯大尼,馬太福音26:6,「世人都犯了罪，虧缺了神的榮耀。」出自哪一卷書？,羅馬書,羅馬書3:23,會幕中用來焚燒祭牲的平台叫什麼？,燔祭壇,出埃及記 27:1,亞伯拉罕獻以撒時，帶了幾個僕人同行？,2,創世記 22:3
103,誰吩咐百姓抬約櫃過約旦河，河水立起成壘？,約書亞,約書亞記3:13-17,摩西看到燃燒的荊棘的那座山叫什麼名字？,何烈山,出埃及記3:1,「耶穌說：『我若從地上被舉起來，就要吸引萬人來歸我。』」出自哪一卷福音書？,約翰福音,約翰福音12:32,會幕中分隔聖所與至聖所的物體叫什麼？,幔子,出埃及記 26:33,以撒問父親：「燔祭的羊羔在哪裡？」這是父子第幾次對話？,1,創世記 22:7
104,誰與拔示巴犯姦淫，又設計害死烏利亞？,大衛,撒母耳記下11:1-17,腓力在撒瑪利亞城傳道，那城是哪個地區的中心？,撒瑪利亞,使徒行傳8:5,「啟示錄描述新天新地。」出自哪一卷書？,啟示錄,啟示錄21:1,耶穌在變像山，臉面明亮如什麼？,日頭,馬太福音 17:2,雅各為拉結服侍拉班幾年？,7,創世記 29:20
105,誰作歌教導以色列人，又為他們祝福後離世？,摩西,申命記32:1；33:1,保羅在哥林多遇見亞居拉，那城是？,哥林多,使徒行傳18:1-2,「大衛與拔示巴犯姦淫，後設計害死烏利亞。」出自哪一卷書？,撒母耳記下,撒母耳記下11:1-17,耶穌教導門徒，點燈後應放在什麼上面照亮全家？,燈臺,馬太福音 5:15,雅各總共為拉班服侍多少年？,14,創世記 29:27–28
106,誰是議士，求彼拉多取耶穌身體並安葬祂？,約瑟,馬太福音27:57-59,撒母耳的家鄉，也是他審判以色列的地方是哪？,拉瑪,撒母耳記上7:17,「大衛用機弦甩石擊殺歌利亞。」出自哪一卷書？,撒母耳記上,撒母耳記上17:49,耶穌在麵酵比喻中，婦人把什麼藏在三斗麵裡？,麵酵,馬太福音 13:33,雅各一生共多少年？,147,創世記 47:28
107,誰為尼布甲尼撒王解夢，說夢中有大像？,但以理,但以理書2:27-45,保羅在路司得醫治瘸子，那城在哪一省？,加拉太,使徒行傳14:6,「凡祈求的，就得著；尋找的，就尋見。」出自哪一卷福音書？,馬太福音,馬太福音7:8,基甸的三百人所拿的瓦瓶內藏什麼？,火把,士師記 7:16,以撒活到幾歲？,180,創世記 35:28
108,誰審判耶穌，明知祂無罪卻定祂死罪？,彼拉多,馬太福音27:24,保羅在第二次宣教旅程中，先回到哪個城？,安提阿,使徒行傳15:35,「真理必叫你們得以自由。」出自哪一卷書？,約翰福音,約翰福音8:32,摩西在紅海，舉起什麼使海水分開？,杖,出埃及記 14:16,亞伯拉罕活到幾歲？,175,創世記 25:7
109,誰在公會面前滿有恩惠與智慧，後被石頭打死？,司提反,使徒行傳6:8-15,雅各家下埃及後住在哪個地區？,歌珊,創世記45:10,「好撒瑪利亞人」的比喻記在哪一卷福音書？,路加福音,路加福音10:25-37,同樣，用來織聖衣的紡線顏色叫什麼？,紫線,出埃及記 28:6,挪亞活到幾歲？,950,創世記 9:29
110,誰勸提摩太要剛強，不要怕為主作見證？,保羅,提摩太後書1:7,以利沙使書念婦人的兒子復活，那城在哪？,書念,列王紀下4:8,「天怎樣高過地，照樣我的道路高過你們的道路。」出自哪一卷書？,以賽亞書,以賽亞書55:9,保羅在馬耳他被動物咬手，當地人所見的叫什麼？,蛇,使徒行傳 28:3,摩西第一次上山領十誡，停留幾晝夜？,40,出埃及記 24:18
111,誰因信接待探子，全家在耶利哥得救？,喇合,約書亞記2:1-14,雅各夢見天梯的地點原名叫什麼？,路斯,創世記28:19,「耶穌看著他，就愛他。」這話記在哪一卷福音書？,馬可福音,馬可福音10:21,參孫被非利士人囚禁時，推轉的物體是什麼？,磨石,士師記 16:21,摩西第二次上山，停留幾晝夜？,40,出埃及記 34:28
112,誰與神同行，未經死亡就被神接去？,以諾,創世記5:24,約瑟被哥哥們賣時，他們在哪個地方？,多坍,創世記37:17,「看哪，我站在門外叩門。」出自哪一卷書？,啟示錄,啟示錄3:20,耶穌在 net 比喻中，壞的被丟在哪裡？,火爐,馬太福音 13:50,會幕的幔子共有幾幅？,10,出埃及記 26:1
113,誰建造方舟，使全家得救脫離洪水？,挪亞,創世記6:22,保羅在哥林多時，猶太人控告他到哪位方伯面前？,哥林多,使徒行傳18:12,「浪子回頭」的比喻記在哪一卷福音書？,路加福音,路加福音15:11-32,耶穌在迦百農醫治癱子時，朋友從屋頂縋下的物體是什麼？,褥子,馬可福音 2:4,贖罪日大祭司要獻幾隻公牛為贖罪祭？,1,"利未記 16:6, 15"
114,誰帶領以色列婦女擊鼓跳舞，讚美神勝過法老的軍隊？,米利暗,出埃及記15:20-21,耶穌在哪座城醫治了枯乾手的人？,迦百農,馬可福音3:1-5,「耶穌被釘十字架的地點叫什麼？」,各各他,馬太福音27:33,以利沙叫僕人用什麼盛油澆在耶戶頭上？,瓶,列王紀下 9:2,約書亞派幾個人窺探耶利哥？,2,約書亞記 2:1
115,誰因身材矮小爬上桑樹看耶穌，後來悔改？,撒該,路加福音19:4,耶穌在哪座山教導門徒要警醒禱告？,橄欖山,馬可福音13:32-37,「耶穌說：『我揀選了你們，並且分派你們去結果子。』」出自哪一卷福音書？,約翰福音,約翰福音15:16,但以理書中，一塊非人手鑿出的石頭打碎巨像的什麼部位？,腳,但以理書 2:34,耶利哥城牆倒塌後，以色列人圍繞城共幾圈？,13,約書亞記 6:3–4
116,誰因嫉妒摩西，長了大痲瘋？,米利暗,民數記12:10,耶穌在哪座城附近的山禱告被捕？,耶路撒冷,馬太福音26:30,「虛心的人有福了，因為天國是他們的。」出自哪一卷福音書？,馬太福音,馬太福音5:3,上帝吩咐耶利米用來打碎以示審判的陶器是什麼？,瓦瓶,耶利米書 19:1,基甸從三萬二千人中揀選多少人去打仗？,300,士師記 7:7
117,誰在野地用五餅二魚餵飽五千人？,耶穌,約翰福音6:10-11,約櫃在非利士地歸還後，安放於哪座城？,示羅,撒母耳記上4:3,「耶穌說：『你們祈求，就給你們；尋找，就尋見。』」出自哪一卷福音書？,馬太福音,馬太福音7:7,聖靈降臨時，有什麼如火焰顯現？,舌頭入火焰,使徒行傳 2:3,以利亞在迦密山對抗幾位巴力先知？,450,列王紀上 18:19
118,誰被天使救出希律的監獄，去到馬利亞的家？,彼得,使徒行傳12:6-12,雅各夢見天梯後，給那地方起名叫什麼？,伯特利,創世記28:19,「耶穌說：『我是真葡萄樹。』」出自哪一卷福音書？,約翰福音,約翰福音15:1,启示录中，新耶路撒冷的街道是由什麼材料製成的？,精金,啟示錄 21:21,以利沙使書念婦人的兒子復活後，那孩子打噴嚏幾次？,7,列王紀下 4:35
119,耶穌肉身的弟弟中，誰寫了新約中的一卷書？,猶大,猶大書1:1,約書亞在吉甲守逾越節，那地是？,吉甲,約書亞記5:10,「耶穌在加利利海平靜風浪。」出自哪一卷福音書？,馬可福音,馬可福音4:39,逾越節夜以色列人抹在門框上的犧牲之血來自什麼動物？,羔羊,出埃及記 12:5,乃縵在約旦河沐浴幾次後得潔淨？,7,列王紀下 5:14
120,誰揭露哈曼的陰謀，拯救猶太人？,末底改,以斯帖記6:10-11,保羅在庇哩亞傳道時，那裡的人天天查考聖經，那城在哪？,伯利亞,使徒行傳17:11,「清心的人有福了，因為他們必得見神。」出自哪一卷福音書？,馬太福音,馬太福音5:8,耶穌在耶路撒冷過的、紀念聖殿重獻的節日叫什麼？,修殿節,約翰福音 10:22,希西家王病癒後，上帝加增他幾年壽命？,15,列王紀下 20:6
121,誰在非利士地被囚時，雙眼被剜？,參孫,士師記16:21,以斯帖在書珊城中為猶太人禁食，那城是？,書珊,以斯帖記4:16,「要收的莊稼多，做工的人少。」出自哪一卷福音書？,馬太福音,馬太福音9:37,大衛用機弦甩出、擊中歌利亞額頭的投射物是什麼？,石子,撒母耳記上 17:49,希西家王父親亞哈斯作王幾年？,16,列王紀下 16:2
122,誰在約旦河邊為耶穌施洗？,施洗約翰,馬太福音3:13,尼希米聽見城牆被拆毀時，身在何處？,書珊,尼希米記1:1,「金蘋果在銀網子裡」比喻什麼？,合宜的話,箴言25:11,耶穌呼召彼得和安得烈時，他們正在修補的工具是什麼？,網,馬太福音 4:21,約西亞作王時幾歲？,8,列王紀下 22:1
123,誰冒死見亞哈隨魯王，拯救猶太人？,以斯帖,以斯帖記5:1-2,埃及法老的國家一般稱為什麼？,埃及,出埃及記1:11,「成了！」耶穌在十字架上最後一句話記在哪一卷福音書？,約翰福音,約翰福音19:30,用來裝飾聖衣的紡線顏色叫什麼？,朱紅線,出埃及記 28:6,約西亞在位共幾年？,31,列王紀下 22:1
124,哪位族長打發老僕人往米所波大米為兒子娶妻？,亞伯拉罕,創世記24:2-4,保羅在哥林多時，神在異象中對他說什麼？,哥林多,使徒行傳18:9-10,「所羅門求智慧，神就賜他聰明過人。」出自哪一卷書？,列王紀上,列王紀上3:12,上帝吩咐用來製作胸牌的物體叫什麼？,金線,出埃及記 28:6,但以理被扔進獅子坑時，有幾位總長設計陷害他？,120,但以理書 6:1–2
125,誰比撒列的助手，被神賜智慧製造會幕？,亞何利亞伯,出埃及記31:6,耶穌在哪座城被孩童迎接為王？,耶路撒冷,馬太福音21:1-11,「耶穌說：『你們的義若不勝於文士和法利賽人的義，斷不能進天國。』」出自哪一卷福音書？,馬太福音,馬太福音5:20,會幕中每日燃燒特製香料的金壇叫什麼？,香壇,出埃及記 30:3,尼布甲尼撒夢見的巨像，由幾種金屬組成？,4,但以理書 2:32–33
126,誰向兩位爭子的婦人提議將嬰孩劈成兩半？,所羅門,列王紀上3:16-27,大衛在哪座城迎接約櫃回歸？,耶路撒冷,撒母耳記下6:12,「罪的工價乃是死；惟有神的恩賜，在我們主基督耶穌裡，乃是永生。」出自哪一卷書？,羅馬書,羅馬書6:23,之後放出的潔淨鳥類，衔回橄欖葉的是什麼？,鴿子,創世記 8:11,四個希伯來青年在火窯中，有幾人被綁著扔進去？,3,但以理書 3:20
127,誰是波阿斯的母親，曾接待探子？,喇合,馬太福音1:5,羅得逃離哪座罪惡之城？,所多瑪,創世記19:14,「約翰說：『我們愛，因為神先愛我們。』」出自哪一卷書？,約翰一書,約翰一書4:19,摩西在曠野舉起、蛇咬者望之得活的金屬像叫什麼？,銅蛇,民數記 21:9,約伯受試煉前，共有幾隻駱駝？,3000,約伯記 1:3
128,誰用詭計使參孫透露力量的來源？,大利拉,士師記16:15-17,保羅在希臘傳道時去過哪座著名城？,雅典,使徒行傳17:19,「耶穌向多馬顯現，讓他摸釘痕。」出自哪一卷福音書？,約翰福音,約翰福音20:26-27,耶穌被釘時，有什麼從祂肋旁流出？,血,約翰福音 19:34,約伯受試煉前，有幾匹驢？,500,約伯記 1:3
129,誰在公會前看見人子站在神的右邊？,司提反,使徒行傳7:55-56,亞伯拉罕最初住在哪個地方，後來蒙召離開？,吾珥,創世記11:31,「耶穌說：『使他們都合而為一。』」出自哪一卷福音書？,約翰福音,約翰福音17:21,上帝在曠野，用什麼遮蓋會幕？,雲,出埃及記 40:34,恢復後，駱駝增加到幾隻？,6000,約伯記 42:12
130,誰為掃羅和約拿單作哀歌：「以色列啊，尊榮者在山上被殺」？,大衛,撒母耳記下1:17-19,保羅被囚兩年等候審訊的城市是哪一座？,該撒利亞,使徒行傳24:27,「保羅在雅典看見『未識之神』的壇。」出自哪一卷書？,使徒行傳,使徒行傳17:23,耶穌在伯賽大醫治瞎子，用什麼抹他的眼？,泥,約翰福音 9:6,耶穌開始傳道時約幾歲？,30,路加福音 3:23
131,耶穌復活後首先向誰顯現？,抹大拉,約翰福音20:14-18,耶穌在哪座城醫治了生來瞎眼的人？,耶路撒冷,約翰福音9:1-7,「耶穌說：『我已將你的名指示他們。』」出自哪一卷福音書？,約翰福音,約翰福音17:26,以利亞在基立溪旁隱藏時，供養他的鳥類是什麼？,烏鴉,列王紀上 17:6,耶穌受洗後，在曠野禁食幾日？,40,馬太福音 4:2
132,誰活到969歲，是世上最長壽的人？,瑪土撒拉,創世記5:27,耶穌在哪座城附近的伯大尼受膏？,耶路撒冷,約翰福音12:1-3,「要常常喜樂，不住地禱告，凡事謝恩。」出自哪一卷書？,帖撒羅尼迦前書,帖撒羅尼迦前書5:16-18,上帝吩咐用來覆蓋會幕頂層的染紅動物皮叫什麼？,公羊皮,出埃及記 26:14,耶穌在迦拿婚宴，有幾口石缸用來裝水？,6,約翰福音 2:6
133,誰寫《啟示錄》？,約翰,傳統,約書亞使日頭停住的戰場是哪座城？,基遍,約書亞記10:12,「耶穌說：『你們心裡不要憂愁。』」出自哪一卷福音書？,約翰福音,約翰福音14:1,大布四角所繫的物件是什麼？,繩子,使徒行傳 10:11,耶穌選立多少位使徒？,12,馬可福音 3:14
134,誰為法老的酒政和膳長解夢？,約瑟,創世記40:8-13,保羅在安提阿被聖靈差遣，那城是？,安提阿,使徒行傳13:1-2,「應當一無掛慮，只要凡事藉著禱告祈求。」出自哪一卷書？,腓立比書,腓立比書4:6,耶穌在稗子比喻中，仇敵所撒的惡種是什麼？,稗子,馬太福音 13:25,耶穌差遣多少人出去傳道，他們歡喜回報，說連鬼也服了他們，共幾人？,70,"路加福音 10:1, 17"
135,誰是亞居拉的妻子，與丈夫同工接待保羅？,百基拉,使徒行傳18:2-3,摩西在何烈山領受兩塊法版，那山是？,何烈山,出埃及記31:18,「你的財寶在哪裡，你的心也在那裡。」出自哪一卷福音書？,馬太福音,馬太福音6:21,耶穌在好撒瑪利亞人比喻中，傷者被 poured 什麼？,油,路加福音 10:34,耶穌用五餅二魚餵飽幾個人？,5000,馬太福音 14:21
136,誰被稱為“獅子”，是猶大支派的祖先？,猶大,創世記49:9,以西結見異象的地點是哪條河畔？,迦巴魯河,以西結書1:1,「耶穌說：『引到永生，那門是窄的，路是小的。』」出自哪一卷福音書？,馬太福音,馬太福音7:14,祭司聖衣所用的特殊紡線顏色叫什麼？,藍線,出埃及記 28:6,耶穌另一次用七個餅和幾條小魚餵飽幾個人？,4000,馬太福音 15:38
137,《箴言》的作者主要是誰？,所羅門,箴言1:1,耶穌在哪座城長大，被本鄉人厭棄？,拿撒勒,馬可福音6:1-6,「亞伯拉罕信神，這就算為他的義。」出自哪一卷書？,創世記,創世記15:6,耶穌赴各各他時，古利奈人西門被迫背負的刑具是什麼？,十架,馬太福音 27:32,耶穌在變像山上，有幾位門徒同去？,3,馬太福音 17:1
138,掃羅因嫉妒哪位勇士戰勝非利士人而試圖殺他？,大衛,撒母耳記上18:8-11,大衛逃避押沙龍時，渡過哪條河？,約旦河,撒母耳記下17:22,「我就是生命的糧。」這話記在哪一卷福音書？,約翰福音,約翰福音6:35,祭物中不可缺少、象徵永約的白色晶體是什麼？,鹽,利未記 2:13,耶穌在變像山上，山上有幾位舊約聖徒顯現？,2,馬太福音 17:3
139,哪一位因獻羔羊為祭，蒙神悅納？,亞伯,創世記4:4,以利亞在別是巴將僕人留下，獨自往曠野去，那城是？,別是巴,列王紀上19:3-4,「若有人在基督裡，他就是新造的人。」出自哪一卷書？,哥林多後書,哥林多後書5:17,以賽亞遵命露身赤腳行走時，所脫下的腰間繫物是什麼？,腰帶,以賽亞書 20:2,耶穌預言彼得三次不認主，雞叫幾次？,2,馬可福音 14:72
140,誰是亞拿尼亞的妻子，因欺哄聖靈而死亡？,撒非喇,使徒行傳5:10,耶穌在哪座城被釘十字架？,耶路撒冷,路加福音23:33,「主看一日如千年，千年如一日。」出自哪一卷書？,彼得後書,彼得後書3:8,以斯帖冒死見王時，王向她伸出的物體是什麼材質？,金杖,以斯帖記 4:11,耶穌在客西馬尼園，對門徒說：「你們不能和我一同儆醒幾小時？」,1,馬太福音 26:40
141,誰夜間來見耶穌，詢問重生的事？,尼哥底母,約翰福音3:1-2,彼得在哪座城使多加從死裡復活？,約帕,使徒行傳9:36-42,「耶穌說：『在世上你們有苦難，但你們可以放心，我已經勝了世界。』」出自哪一卷福音書？,約翰福音,約翰福音16:33,但以理書中，胸膛和膀臂是什麼金屬？,銀,但以理書 2:32,耶穌被釘時，從午正到申初，共幾小時遍地黑暗？,3,馬可福音 15:33
142,路得的婆婆，從摩押地回到猶大的是誰？,拿俄米,路得記1:22,摩西在何處重申律法給新一代以色列人？,摩押平原,申命記1:1-5,「耶穌哭了。」這最短的經文記在哪一卷書？,約翰福音,約翰福音11:35,摩西手中所持、用來行神蹟的工具叫什麼？,杖,出埃及記 4:2,耶穌在墳墓裡共幾日幾夜？,3,馬太福音 12:40
143,誰是掃羅的兒子，與大衛結盟如親兄弟？,約拿單,撒母耳記上18:3,加利利海在舊約中又稱什麼？,基尼烈湖,民數記34:11,「保羅寫信給腓立比教會，分享喜樂。」出自哪一卷書？,腓立比書,腓立比書1:1-2,但以理書中，尼布甲尼撒夢見的巨像有什麼頭？,金頭,但以理書 2:32,耶穌復活後，在以馬忤斯路上向幾位門徒顯現？,2,路加福音 24:13
144,誰是左撇子士師，刺殺摩押王伊磯倫？,以笏,士師記3:21,耶穌向法利賽人講“浪子回頭”比喻時，祂正前往哪座城？,耶路撒冷,路加福音13:22,「我們原是祂的工作，在基督耶穌裡造成的。」出自哪一卷書？,以弗所書,以弗所書2:10,耶穌在格拉森，群鬼進入豬群後，豬闖下什麼？,山崖,馬可福音 5:13,耶穌在提比哩亞海邊向幾位門徒顯現？,7,約翰福音 21:2
145,誰是古利奈人，替耶穌背十字架？,西門,馬太福音27:32,以斯拉在哪座城向百姓宣讀律法？,耶路撒冷,尼希米記8:1-3,「約翰說：『愛裡沒有懼怕。』」出自哪一卷書？,約翰一書,約翰一書4:18,但以理被扔進獅子坑時，王用什麼封住坑口？,石頭,但以理書 6:17,耶穌問彼得「你愛我嗎？」共幾次？,3,約翰福音 21:15–17
146,誰在安提阿教會中，被聖靈差遣與保羅同工？,巴拿巴,使徒行傳13:1-2,耶路撒冷南邊的山丘，大衛城所在，又稱什麼？,俄斐勒,尼希米記3:26,「主就是那靈，主的靈在哪裡，那裡就得以自由。」出自哪一卷書？,哥林多後書,哥林多後書3:17,耶穌在彼拉多面前被鞭打，所用的刑具是什麼？,鞭子,約翰福音 19:1,彼得回答「主啊，是的」共幾次？,3,約翰福音 21:15–17
147,誰的女兒病危，他俯伏求耶穌去按手醫治她？,睚魯,馬可福音5:22-23,保羅去羅馬途中遭遇船難，是在哪座島？,馬耳他,使徒行傳28:1,「因祂受的刑罰，我們得平安。」出自哪一卷書？,以賽亞書,以賽亞書53:5,保羅教導哥林多人，信徒的身體是什麼居所？,聖殿,哥林多前書 3:16,耶穌升天前，在橄欖山聚集的門徒共幾人？,120,使徒行傳 1:15
148,「我賜給他們永生，他們永不滅亡，誰也不能從我手裡把他們奪去。」這話是誰說的？,耶穌,約翰福音10:28,保羅在腓立比的監獄中，地震發生在哪座城？,腓立比,使徒行傳16:26,「愛是不計算人的惡。」出自哪一卷書？,哥林多前書,哥林多前書13:5,參孫用來擊殺一千非利士人的動物骨頭是什麼？,驢腮骨,士師記 15:15,耶穌升天前，其中使徒有幾位？,11,"使徒行傳 1:13, 26"
149,誰與保羅爭辯馬可是否同行，後來分道揚鑣？,巴拿巴,使徒行傳15:37-39,保羅在帖撒羅尼迦傳道的地點是哪座城？,帖撒羅尼迦,使徒行傳17:1,「耶和華是我的牧者」，所以「我」必然怎樣？,不缺乏,詩篇23:1,耶穌在芥菜種比喻中，最小的種子長成什麼樹？,芥菜,馬太福音 13:31,五旬節當天，有多少人受洗？,3000,使徒行傳 2:41
150,誰為所多瑪代求，求神若見五十義人就饒恕？,亞伯拉罕,創世記18:23-26,保羅在雅典看見“未識之神”的壇，那城是？,雅典,使徒行傳17:23,「耶穌升天的事件記在哪一卷書？,使徒行傳,使徒行傳1:9-11,挪亞鴿子衔回、證明地已乾的葉子來自什麼樹？,橄欖,創世記 8:11,彼得第二次講道後，有多少人信了？,5000,使徒行傳 4:4
151,誰聽從底波拉指示，率軍擊敗迦南將軍西西拉？,巴拉,士師記4:6-16,彼得在約帕時，哥尼流的使者來找他，那城是？,約帕,使徒行傳10:5-8,「基甸用三百人擊敗米甸大軍。」出自哪一卷書？,士師記,士師記7:22,以撒娶利百加時，僕人送她什麼鼻飾？,環子,創世記 24:22,初代教會選出幾位執事？,7,使徒行傳 6:3
152,誰擊殺亞瑪力人，為掃羅報仇？,大衛,撒母耳記下1:1,耶穌在哪座城被稱為“大衛的子孫”而得醫治？,耶利哥,馬太福音20:30-34,「信心若沒有行為就是死的。」出自哪一卷書？,雅各書,雅各書2:17,耶穌騎驢進耶路撒冷時，百姓鋪在路上的是什麼？,棕樹枝,約翰福音 12:13,保羅在以弗所，有幾位門徒受了聖靈？,12,使徒行傳 19:7
153,誰是耶西的父親，大衛的祖父？,俄備得,路得記4:21,亞伯拉罕進入迦南後，first築壇的地方是哪？,示劍,創世記12:6-7,「復活在我，生命也在我」，信我的人雖然死了，也必怎樣？,復活,約翰福音11:25,基甸用來測試神旨意、吸了露水的物體叫什麼？,羊毛,士師記 6:37,保羅的門徒奉主的名受洗，共幾次？,1,使徒行傳 19:5
154,誰用機弦甩石擊殺非利士巨人歌利亞？,大衛,撒母耳記上17:49,但以理和三友被擄到哪座京城？,巴比倫,但以理書1:1-6,「耶穌說：『你施捨的時候，不要叫左手知道右手所做的。』」出自哪一卷福音書？,馬太福音,馬太福音6:3,耶穌用什麼醫治耳聾舌結的人？,唾沫,馬可福音 7:33,腓利有幾個女兒是說預言的？,4,使徒行傳 21:9
155,誰在耶路撒冷作王四十年，統一南北以色列？,大衛,撒母耳記下5:4-5,加利利海的另一個名字是什麼？,提比哩亞海,約翰福音6:1,「我們都如羊走迷，各人偏行己路。」出自哪一卷書？,以賽亞書,以賽亞書53:6,启示录中，第一印揭開時，騎白馬者手中拿著什麼？,弓,啟示錄 6:2,耶穌說，那撒瑪利亞婦人有幾個丈夫？,5,約翰福音 4:18
156,誰想為神建造聖殿，卻被神指派兒子完成？,大衛,撒母耳記下7:1-17,保羅在腓立比遇見賣紫色布匹的婦人，那城在哪？,腓立比,使徒行傳16:13-15,「我心裡柔和謙卑，你們當負我的軛。」出自哪一卷福音書？,馬太福音,馬太福音11:29,東方博士跟隨的星體叫什麼？,星,馬太福音 2:2,耶穌在畢士大池醫治癱子，那人病了幾年？,38,約翰福音 5:5
157,誰與基遍人立和約，因他們用詭計騙以色列人？,約書亞,約書亞記9:15,耶穌在哪座城教導“兩個欠債的人”？,耶路撒冷,路加福音7:41,「啟示錄最後的祝福是什麼？」,主必來,啟示錄22:20,启示录中，生命水的河從神寶座流出，河邊有什麼樹？,生命樹,啟示錄 22:2,耶穌在伯賽大醫治瞎子，共按手幾次？,2,馬可福音 8:23–25
158,誰為兒子禁食七天，兒子死後卻起來吃飯？,大衛,撒母耳記下12:20,耶穌在去哪座城的路上講“好撒瑪利亞人”的比喻？,耶路撒冷,路加福音10:30,「財主與拉撒路」的比喻記在哪一卷福音書？,路加福音,路加福音16:19-31,上帝吩咐挪亞用什麼木造方舟？,歌斐木,創世記 6:14,挪亞一家進方舟時，共有幾人？,8,創世記 7:13
159,誰在出生前，神就對他母親說：「他必作先知」？,耶利米,耶利米書1:5,路得和拿俄米回到哪座猶大城？,伯利恆,路得記1:19,「耶穌說：『你禱告的時候，要進你的內屋。』」出自哪一卷福音書？,馬太福音,馬太福音6:6,她腳下所踏的夜間光體是什麼？,月亮,啟示錄 12:1,耶穌在好撒瑪利亞人比喻中，強盜打傷那人後，有幾位祭司和利未人經過？,2,路加福音 10:31–32
160,誰在魚腹中禱告三天三夜，後來被吐在岸上？,約拿,約拿書1:17,保羅在哪座城被囚，因趕出巫鬼而遭棍打？,腓立比,使徒行傳16:16-24,「所以，你們要去」的下一句是？,使萬民作門徒,馬太福音28:19,挪亞為拯救全家所造的巨大船隻叫什麼？,方舟,創世記 6:14,耶穌在好撒瑪利亞人比喻中，撒瑪利亞人是第幾位經過的人？,3,路加福音 10:33
161,誰舉起杖，使紅海的水分開？,摩西,出埃及記14:21,耶穌在哪座城被釘十字架、埋葬、復活？,耶路撒冷,馬太福音27–28,「耶穌說：『人為朋友捨命，人的愛心沒有比這個大的。』」出自哪一卷福音書？,約翰福音,約翰福音15:13,不義的管家為自己預備將來，所更改的債務記錄叫什麼？,契據,路加福音 16:6,耶穌在無花果樹旁，樹上有幾年沒有果子？,3,路加福音 13:7
162,誰是亞勒腓的兒子，十二使徒之一？,小雅各,馬可福音3:18,大衛在哪座山逃避押沙龍時哭泣？,橄欖山,撒母耳記下15:30,「以斯帖冒死見王，拯救猶太人。」出自哪一卷書？,以斯帖記,以斯帖記4:16,約瑟被兄長們剝去的彩衣叫什麼？,彩衣,創世記 37:3,在童女比喻中，共有幾位？,10,馬太福音 25:1
163,誰是亞哈隨魯王的太監，向王舉薦以斯帖？,希該,以斯帖記2:8-9,耶穌在哪座城附近的伯大尼使拉撒路復活？,耶路撒冷,約翰福音11:18,「復活在我，生命也在我。」出自哪一卷書？,約翰福音,約翰福音11:25,挪亞放出試探水勢的黑色鳥類是什麼？,烏鴉,創世記 8:7,耶穌在十個童女比喻中，其中幾位聰明？,5,馬太福音 25:2
164,誰是亞伯拉罕最老的僕人，為以撒尋妻？,以利以謝,創世記15:2,耶穌在哪座山為耶路撒冷哀哭？,橄欖山,路加福音19:41,「啟示錄提到生命水的河。」出自哪一卷書？,啟示錄,啟示錄22:1,启示录中，二十四位長老俯伏敬拜時，把什麼放在寶座前？,冠冕,啟示錄 4:10,耶穌在十個童女比喻中，幾位愚拙？,5,馬太福音 25:2
165,誰治理以色列二十年，常坐在棕櫚樹下聽訟？,底波拉,士師記4:4-5,耶穌在哪座山講論末世的預兆？,橄欖山,馬太福音24:3,「五旬節聖靈降臨，門徒說起別國的話。」出自哪一卷書？,使徒行傳,使徒行傳2:4,約拿被大魚吞吃，上帝預備的海洋生物叫什麼？,大魚,約拿書 1:17,耶穌在才幹比喻中，給三個僕人共幾他連得？,8,馬太福音 25:15
166,誰是摩押女子，成為大衛的曾祖母？,路得,路得記4:17,耶穌在哪座城被孩童稱頌“和散那歸於大衛的子孫”？,耶路撒冷,馬太福音21:15,「如今常存的有信、望、愛這三樣，其中最大的是愛。」出自哪一卷書？,哥林多前書,哥林多前書13:13,保羅在以弗所，信徒焚燒什麼？,書卷,使徒行傳 19:19,以色列人過紅海後，在書珥的曠野走了幾天沒水？,3,出埃及記 15:22
167,誰在該撒利亞接待保羅，有四個說預言的女兒？,腓利,使徒行傳21:8-9,保羅在以弗所時，教會天天增長，那城是？,以弗所,使徒行傳19:20,「尼希米重建耶路撒冷城牆。」出自哪一卷書？,尼希米記,尼希米記2:17,雅各在伯特利用來枕頭並立為柱子的物品是什麼？,石頭,創世記 28:18,摩西舉手禱告打亞瑪力人時，亞倫與戶珥共幾人扶他的手？,2,出埃及記 17:12
168,誰是提摩太的外祖母，從小教他聖經？,羅以,提摩太後書1:5,耶穌在哪座城醫治了百夫長的僕人？,迦百農,馬太福音8:5-13,「耶穌在耶利哥醫治 blind men。」出自哪一卷福音書？,馬太福音,馬太福音20:30-34,保羅在路司得被人當作希耳米神時，群眾牽來獻祭的牲畜是什麼？,公牛,使徒行傳 14:13,十二探子窺探迦南共幾天？,40,民數記 13:25
169,誰見證耶穌是「神的羔羊，除去世人罪孽的」？,施洗約翰,約翰福音1:29,耶穌從小長大的城鎮叫什麼？,拿撒勒,馬太福音2:23,「耶穌在客西馬尼園被捕。」出自哪一卷福音書？,馬太福音,馬太福音26:47-50,以色列人出埃及時，上帝夜間用來引導他們的物品是什麼？,火柱,出埃及記 13:21,以色列人因不信，在曠野漂流幾年？,40,民數記 14:33–34
170,誰對婆婆說：「你的神就是我的神」，後來成為大衛的曾祖母？,路得,路得記1:16,以利亞在何烈山進入山洞聽見神的聲音，那山是？,何烈山,列王紀上19:9-12,「耶穌說：『我是真葡萄樹，你們是枝子。』」出自哪一卷福音書？,約翰福音,約翰福音15:5,上帝吩咐挪亞在方舟頂上造什麼？,透光處,創世記 6:16,利未支派一個月以上的男子共幾人？,22000,民數記 3:39
171,誰為了三十塊錢把耶穌交給宗教領袖？,猶大,馬太福音26:14-16,耶穌在哪座城被猶太領袖審問？,耶路撒冷,馬太福音26:57,「雅各夢見天梯，有天使上去下來。」出自哪一卷書？,創世記,創世記28:12,路加福音中，婦人有十個什麼幣？,銀幣,路加福音 15:8,所羅門為至聖所造了幾個基路伯？,2,列王紀上 6:23
172,誰說：「主若願意，我們就可以活著，也可以做這事或那事」？,雅各,雅各書4:15,保羅在腓立比被棍打後，官員來求他離開，那城是？,腓立比,使徒行傳16:35-39,「耶穌在各各他被釘十字架。」出自哪一卷福音書？,馬太福音,馬太福音27:33-35,耶穌在聖殿潔淨時，趕出賣牛羊鴿子的人，那些鴿子是什麼？,鴿子,約翰福音 2:14,每個基路伯有幾個翅膀？,2,列王紀上 6:27
173,誰因饑荒下埃及，稱妻子為妹子以保命？,亞伯拉罕,創世記12:10-13,保羅在馬耳他島上行神蹟，那島屬於哪個帝國？,馬耳他,使徒行傳28:1-10,「耶穌說：『你們若愛我，就必遵守我的命令。』」出自哪一卷福音書？,約翰福音,約翰福音14:15,耶穌被埋葬時，尼哥底母帶來的香料是什麼？,沒藥,約翰福音 19:39,所羅門聖殿前有幾根銅柱？,2,列王紀上 7:15
174,摩西逃到米甸時，娶了誰的女兒為妻？,葉忒羅,出埃及記2:21,羅得女兒所生的亞捫人住在哪一地區？,亞捫,創世記19:38,「保羅在以弗所，有人把邪術書燒掉。」出自哪一卷書？,使徒行傳,使徒行傳19:19,耶穌在十個童女的比喻中，她們所拿的物體是什麼？,燈,馬太福音 25:7,但以理一日禱告幾次，面向耶路撒冷？,3,但以理書 6:10
175,誰在拿因城外使寡婦的兒子復活？,耶穌,路加福音7:12-15,聖靈在五旬節降臨時，門徒在哪座城？,耶路撒冷,使徒行傳2:5,「耶穌在伯大尼使拉撒路復活。」出自哪一卷福音書？,約翰福音,約翰福音11:43-44,耶穌變水為酒的六口石缸，原是為什麼禮儀預備的？,潔淨,約翰福音 2:6,約伯受試煉後，有幾位朋友來看他？,3,約伯記 2:11
176,「除祂以外，別無拯救。」這話論到誰？,耶穌,使徒行傳4:12,路得和拿俄米離開的摩押地屬於哪一區域？,摩押,路得記1:1,「你們是世上的鹽」，也是什麼？,世上的光,馬太福音5:13-14,耶穌在浪子回頭的比喻中，父親給小兒子戴上的信物是什麼？,戒指,路加福音 15:22,約伯的女兒在全地中被稱為幾位最美貌的？,3,約伯記 42:15
177,誰與妻子逃離所多瑪，但他的妻子回頭變成鹽柱？,羅得,創世記19:15-26,耶穌升天的地點是哪一座山？,橄欖山,使徒行傳1:12,「那美好的仗我已經打過了。」出自哪一卷書？,提摩太後書,提摩太後書4:7,會幕框架所用的包金木板叫什麼？,豎板,出埃及記 26:15,耶穌說：「一個罪人悔改，在天上也要這樣為他歡喜」，勝過幾十個不用悔改的義人？,99,路加福音 15:7
178,誰年老生下以撒，因神信實？,撒拉,創世記21:1-2,保羅在以弗所教導超過兩年，那城在哪一省？,以弗所,使徒行傳19:10,「耶穌說：『你們禱告要這樣說：『我們在天上的父…』」出自哪一卷福音書？,馬太福音,馬太福音6:9,保羅在以弗所，被亞底米崇拜者圍攻時，所喊的女神物體是什麼？,銀龕,使徒行傳 19:24,上帝吩咐挪亞將潔淨的鳥每種帶幾隻進方舟？,7,創世記 7:3
179,誰在聖殿中稱謝神，因見到嬰孩耶穌而得安慰？,西面,路加福音2:25-30,彼得在屋頂上見異象的地點是哪座城？,約帕,使徒行傳10:9-10,「耶穌在提比哩亞海邊向門徒顯現。」出自哪一卷福音書？,約翰福音,約翰福音21:1-14,耶穌在客西馬尼園禱告時，求父撤去的象徵是什麼？,苦杯,馬太福音 26:39,上帝吩咐挪亞將不潔淨的鳥每種帶幾隻進方舟？,2,創世記 7:3
180,耶穌十二門徒中，誰又稱奮銳黨人？,西門,路加福音6:15,以色列人過哪條河進入應許之地？,約旦河,約書亞記3:17,「耶穌說：『所以，凡聽見我這話就去行的，好比聰明人。』」出自哪一卷福音書？,馬太福音,馬太福音7:24,耶穌被釘十字架時，兵丁用來遞酸酒的海綿叫什麼？,海絨,馬太福音 27:48,挪亞出方舟後，共獻上幾種潔淨的飛鳥為燔祭？,1,創世記 8:20
181,誰因嫉妒弟弟的祭物蒙悅納而殺了他？,該隱,創世記4:8,以色列人在曠野漂流四十年，主要在哪裡？,曠野,民數記14:33,「我就是門，凡從我進來的，必然得救。」出自哪一卷書？,約翰福音,約翰福音10:9,上帝讓阿摩司看見什麼果子預表審判？,夏果,阿摩司書 8:1,亞伯拉罕為以撒娶妻，賜僕人幾匹駱駝去米所波大米？,10,創世記 24:10
182,誰看見以利亞乘旋風升天，並繼承雙倍的靈？,以利沙,列王紀下2:9-12,耶穌在哪座城使五千人吃飽？,伯賽大,路加福音9:10,「你們要知道我是神」，在做這事之前要先怎樣？,休息,詩篇46:10,七位天使所拿、盛裝神烈怒的器皿叫什麼？,金碗,啟示錄 15:7,利百加給僕人水喝後，又為他的幾匹駱駝打水？,10,"創世記 24:14, 19"
183,誰在艾城戰敗後，撕裂衣服俯伏在神面前？,約書亞,約書亞記7:6,耶穌在哪座城醫治了耳聾舌結的人？,加利利,馬可福音7:31,「耶穌說：『我是好牧人。』」出自哪一卷福音書？,約翰福音,約翰福音10:11,耶穌在浪子比喻中，父親給為兒的腳穿上什麼？,鞋子,路加福音 15:22,以掃娶了幾位赫人女子為妻？,2,創世記 26:34
184,誰在曠野預備主的道，為祂開路？,施洗約翰,馬太福音3:3,保羅在哥林多住了一年半，那城是？,哥林多,使徒行傳18:11,保羅的職業是什麼？,帳棚匠,使徒行傳18:3,上帝在日間引導以色列人的物體是什麼？,雲柱,出埃及記 13:21,雅各在伯特利夢見天梯，醒來後立石為柱，這是他第幾次立石？,1,創世記 28:18
185,誰是約帕的女徒，以善事聞名，被彼得使復活？,多加,使徒行傳9:36-41,摩西在何處打發探子窺探迦南地？,巴蘭曠野,民數記13:1-3,「愛是不計算人的惡」，還不喜歡什麼？,不義,哥林多前書13:6,上帝在西奈山親手寫下律法的載體是什麼？,石版,出埃及記 31:18,雅各共有幾個兒子？,12,創世記 35:22
186,誰在基拉耳被亞比米勒帶走，因神干預得保？,撒拉,創世記20:2,耶穌在哪個村莊行了第一件神蹟？,迦拿,約翰福音2:1,「耶穌說：『凡好樹都結好果子。』」出自哪一卷福音書？,馬太福音,馬太福音7:17,東方博士獻給耶穌、預表祂受死的香料是什麼？,沒藥,馬太福音 2:11,其中便雅憫出生時，他共有幾個兒子？,11,創世記 35:16–18
187,誰是閃、含、雅弗的父親？,挪亞,創世記9:18,以利亞在何烈山見神顯現，那山是？,何烈山,列王紀上19:11-12,「為義受逼迫的人有福了，因為天國是他們的。」出自哪一卷福音書？,馬太福音,馬太福音5:10,上帝與亞伯拉罕立約時，用什麼動物劈開？,牛,創世記 15:9,約瑟被兄弟剝去彩衣時，共有幾位哥哥在場？,10,"創世記 37:2, 28"
188,誰在別是巴與亞比米勒立約並挖井？,亞伯拉罕,創世記21:25-32,耶穌在哪座城醫治了大臣將死的兒子？,迦拿,約翰福音4:46-53,「我們這至暫至輕的苦楚，要為我們成就極重無比永遠的榮耀。」出自哪一卷書？,哥林多後書,哥林多後書4:17,上帝吩咐用來製作香壇的木材是什麼？,皂莢木,出埃及記 30:1,猶大建議賣他，共得幾舍客勒銀子？,20,創世記 37:28
189,誰在曠野被掃羅追殺，卻兩次饒他性命？,大衛,撒母耳記上24:4-7,約拿從哪個港口坐船想逃離神？,約帕,約拿書1:3,「我們行事為人是憑著信心，不是憑著眼見。」出自哪一卷書？,哥林多後書,哥林多後書5:7,耶利米書中，上帝用什麼好無花果表徵被擄的猶大人？,無花果,耶利米書 24:2,法老立約瑟為宰相時，他幾歲？,30,創世記 41:46
190,挪亞的兒子中，誰是亞伯拉罕的祖先？,閃,創世記10:21-24,保羅去哪座城捉拿信徒時遇見耶穌？,大馬士革,使徒行傳9:2,「彼得說：『要為主的緣故，順服人的一切制度。』」出自哪一卷書？,彼得前書,彼得前書2:13,耶穌被釘時掛在頭上的罪名牌叫什麼？,猶太人的王,約翰福音 19:19,以色列人住在埃及共幾年？,430,出埃及記 12:40
191,誰設計滅絕猶太人，卻被掛在自己造的木架上？,哈曼,以斯帖記7:9-10,哪座城的牆因以色列人繞行七日而倒塌？,耶利哥,約書亞記6:20,「背十字架跟從我」的呼召記在哪幾卷福音書？（答一卷）,馬可福音,馬可福音8:34,會幕庭院柱子底部的金屬基座叫什麼？,銅座,出埃及記 27:10,大衛擊殺歌利亞時，歌利亞的槍頭重幾舍客勒？,600,撒母耳記上 17:7
192,誰在睚魯家說：「不要怕，只要信」？,耶穌,馬可福音5:36,大衛逃避掃羅時藏身的曠野綠洲是哪？,隱基底,撒母耳記上23:29,「聖經都是神所默示的。」出自哪一卷書？,提摩太後書,提摩太後書3:16,安息日擺在神面前的十二個餅叫什麼？,陳設餅,利未記 24:5,歌利亞的盔甲重幾舍客勒？,5000,撒母耳記上 17:5
193,哪位先祖在幔利橡樹那裡接待三位天使？,亞伯拉罕,創世記18:1-8,耶穌在哪座山為門徒禱告？,橄欖山,路加福音22:39,「你們是被揀選的族類，是有君尊的祭司。」出自哪一卷書？,彼得前書,彼得前書2:9,同樣，還有什麼鳥類？,雛鴿,創世記 15:9,以利亞在迦密山，用幾桶水倒在祭物和柴上？,12,列王紀上 18:33–34
194,誰是大祭司，策劃捉拿並殺害耶穌？,該亞法,約翰福音11:49-53,保羅在哪座島上被毒蛇咬卻安然無恙？,馬耳他,使徒行傳28:3-5,「日光之下，並無新事。」出自哪一卷書？,傳道書,傳道書1:9,耶穌被捉拿時，有一個少年人逃跑，他披著什麼？,麻布,馬可福音 14:51,以利亞在迦密山，每次倒幾桶？,4,列王紀上 18:34
195,誰在客西馬尼園禱告順服父旨？,耶穌,馬太福音26:39,以色列人因亞干犯罪而敗於哪座城？,艾城,約書亞記7:5,「不要為明天憂慮。」出自哪一卷福音書？,馬太福音,馬太福音6:34,耶穌在畢士大池醫治癱子時，那人攜帶的 object 是什麼？,褥子,約翰福音 5:11,以利亞在迦密山，共倒幾次？,3,列王紀上 18:34
196,誰是有學問的亞歷山大人，在以弗所傳講耶穌？,亞波羅,使徒行傳18:24,耶穌在哪座城附近的橄欖山常去禱告？,耶路撒冷,路加福音21:37,「你要盡心、盡性、盡力愛耶和華你的神。」出自哪一卷書？,申命記,申命記6:5,約櫃上面兩端所鑄的金製天使形像叫什麼？,基路伯,出埃及記 25:18,以利沙使斧頭浮水，斧頭原屬於幾個人中的一個？,1,列王紀下 6:5
197,誰在曠野擊打磐石，使水流出給百姓喝？,摩西,出埃及記17:6,耶穌在哪座城醫治了三十八年的癱子？,耶路撒冷,約翰福音5:2-9,「猶大勸信徒要為真道竭力爭辯。」出自哪一卷書？,猶大書,猶大書1:3,亞伯拉罕築壇時，用什麼劈開柴？,刀,創世記 22:6,但以理書第七章，有幾隻大獸從海中上來？,4,但以理書 7:3
198,誰是末底改的堂妹，被選入波斯宮中？,以斯帖,以斯帖記2:7,以斯拉在耶路撒冷宣讀律法時，百姓聚集在哪個廣場？,耶路撒冷,尼希米記8:1,「我若能說萬人的方言，並天使的話語，卻沒有愛，我就成了鳴的鑼。」出自哪一卷書？,哥林多前書,哥林多前書13:1,耶穌在撒種比喻中，飛鳥來吃掉什麼？,種子,馬太福音 13:4,禱告時最少達成一致的最低人數要求是多少？,2,馬太福音 18:19
199,誰被稱為「以色列中的一朵百合花」？,所羅門,雅歌2:1,人類建造巴別塔的地點叫什麼？,巴別,創世記11:9,「以賽亞預言：『必有童女懷孕生子，人要稱祂為以馬內利。』」出自哪一卷書？,以賽亞書,以賽亞書7:14,以利亞被接升天時所乘的火馬車叫什麼？,火車,列王紀下 2:11,上帝吩咐摩西數點以色列人時，凡二十歲以上能出去打仗的，共多少支派被數點？,12,民數記 1:2–3
200,誰夢見天梯，有天使上去下來？,雅各,創世記28:12,以利亞在迦密山降火後，跑去哪座城？,別是巴,列王紀上19:3,「神愛世人」，甚至將祂的獨生子賜給他們，目的是什麼？,不滅亡,約翰福音3:16,耶穌在客西馬尼園極其傷痛，汗珠如什麼滴在地上？,血點,路加福音 22:44,利未支派被分別出來不參與數點，他們被指派看守會幕，共有幾個宗族？,3,民數記 3:17